1417422140987,0.98876953125,0.0146484375,0.0634765625,-0.0625,-0.125,-0.125,0.72857666015625,0.009765625,-0.68487548828125,-0.001220703125
1417422141001,0.98974609375,0.0126953125,0.06689453125,0.0625,0,0.0625,0.72857666015625,0.009765625,-0.68487548828125,-0.001220703125
1417422141024,0.98828125,0.01318359375,0.064453125,0.0625,0,0.0625,0.7286376953125,0.009765625,-0.68487548828125,-0.001220703125
1417422141046,0.98876953125,0.01171875,0.0615234375,-0.0625,-0.0625,0.0625,0.7286376953125,0.009765625,-0.68487548828125,-0.001220703125
1417422141069,0.9873046875,0.0146484375,0.06787109375,-0.0625,0,0,0.7286376953125,0.009765625,-0.684814453125,-0.001220703125
1417422141084,0.98681640625,0.0126953125,0.06494140625,-0.0625,-0.0625,-0.0625,0.7286376953125,0.00970458984375,-0.684814453125,-0.001220703125
1417422141107,0.9873046875,0.017578125,0.068359375,-0.125,-0.125,-0.125,0.7286376953125,0.00970458984375,-0.684814453125,-0.001220703125
1417422141129,0.98876953125,0.01611328125,0.06689453125,0,-0.0625,0,0.7286376953125,0.00970458984375,-0.684814453125,-0.001220703125
1417422141144,0.9873046875,0.01416015625,0.06640625,0,-0.0625,0,0.72869873046875,0.00970458984375,-0.684814453125,-0.001220703125
1417422141166,0.9892578125,0.01708984375,0.06591796875,-0.0625,-0.0625,-0.0625,0.72869873046875,0.00970458984375,-0.68475341796875,-0.001220703125
1417422141190,0.98779296875,0.01416015625,0.0654296875,0,0,0.0625,0.72869873046875,0.00970458984375,-0.68475341796875,-0.001220703125
1417422141211,0.98779296875,0.013671875,0.06787109375,0,-0.0625,0,0.72869873046875,0.00970458984375,-0.68475341796875,-0.001220703125
1417422141227,0.98876953125,0.0126953125,0.06689453125,0,-0.0625,-0.0625,0.72869873046875,0.00970458984375,-0.68475341796875,-0.001220703125
1417422141249,0.98681640625,0.01318359375,0.06591796875,0.0625,0,0,0.72869873046875,0.00970458984375,-0.68475341796875,-0.001220703125
1417422141263,0.98681640625,0.01318359375,0.0625,-0.0625,-0.0625,-0.0625,0.72869873046875,0.00970458984375,-0.68475341796875,-0.001220703125
1417422141286,0.98828125,0.015625,0.06689453125,-0.125,-0.0625,-0.1875,0.728759765625,0.00970458984375,-0.6846923828125,-0.001220703125
1417422141310,0.98974609375,0.01513671875,0.068359375,-0.0625,-0.0625,-0.0625,0.728759765625,0.00970458984375,-0.6846923828125,-0.001220703125
1417422141324,0.98779296875,0.015625,0.06884765625,0,-0.0625,-0.0625,0.728759765625,0.00970458984375,-0.6846923828125,-0.001220703125
1417422141347,0.986328125,0.01513671875,0.06689453125,0,0,0,0.728759765625,0.00970458984375,-0.6846923828125,-0.001220703125
1417422141369,0.9873046875,0.0126953125,0.06201171875,0.0625,0,0.0625,0.728759765625,0.00970458984375,-0.6846923828125,-0.001220703125
1417422141383,0.9873046875,0.01123046875,0.0673828125,0,0,0,0.728759765625,0.00970458984375,-0.6846923828125,-0.00115966796875
1417422141406,0.9892578125,0.013671875,0.068359375,-0.125,-0.0625,-0.0625,0.72882080078125,0.00970458984375,-0.68463134765625,-0.00115966796875
1417422141429,0.9873046875,0.01416015625,0.0673828125,-0.0625,-0.0625,-0.0625,0.72882080078125,0.00970458984375,-0.68463134765625,-0.00115966796875
1417422141444,0.98681640625,0.01513671875,0.0693359375,0,-0.0625,-0.0625,0.72882080078125,0.00970458984375,-0.68463134765625,-0.00115966796875
1417422141466,0.9873046875,0.015625,0.0654296875,0.0625,-0.0625,-0.0625,0.72882080078125,0.00970458984375,-0.68463134765625,-0.00115966796875
1417422141489,0.98828125,0.01416015625,0.06591796875,0.0625,-0.0625,0.0625,0.72882080078125,0.00970458984375,-0.68463134765625,-0.00115966796875
1417422141503,0.98828125,0.0146484375,0.0654296875,0,-0.0625,0,0.7288818359375,0.00970458984375,-0.6845703125,-0.00115966796875
1417422141527,0.98828125,0.015625,0.06689453125,-0.125,0,0,0.7288818359375,0.00970458984375,-0.6845703125,-0.00115966796875
1417422141549,0.98583984375,0.01416015625,0.06591796875,-0.125,0.0625,0.0625,0.7288818359375,0.0096435546875,-0.6845703125,-0.00115966796875
1417422141563,0.98828125,0.01220703125,0.0693359375,-0.0625,0,0,0.7288818359375,0.0096435546875,-0.6845703125,-0.00115966796875
1417422141586,0.98779296875,0.01513671875,0.0693359375,0,-0.0625,0,0.7288818359375,0.0096435546875,-0.6845703125,-0.00115966796875
1417422141609,0.98876953125,0.01611328125,0.06787109375,0,-0.125,0,0.7288818359375,0.0096435546875,-0.68450927734375,-0.00115966796875
1417422141624,0.9873046875,0.01416015625,0.0673828125,0,-0.125,-0.0625,0.72894287109375,0.0096435546875,-0.68450927734375,-0.00115966796875
1417422141646,0.98681640625,0.015625,0.06396484375,0,-0.0625,0,0.72894287109375,0.0096435546875,-0.68450927734375,-0.00115966796875
1417422141668,0.98828125,0.0166015625,0.064453125,-0.125,0,0,0.72894287109375,0.0096435546875,-0.68450927734375,-0.00115966796875
1417422141684,0.9873046875,0.0146484375,0.06884765625,-0.0625,0,0,0.72894287109375,0.0096435546875,-0.68450927734375,-0.00115966796875
1417422141707,0.9873046875,0.01611328125,0.06689453125,0,0,0,0.72894287109375,0.0096435546875,-0.68450927734375,-0.00115966796875
1417422141729,0.98876953125,0.01318359375,0.06787109375,0.0625,0,0.0625,0.72894287109375,0.0096435546875,-0.6844482421875,-0.00115966796875
1417422141744,0.9892578125,0.013671875,0.0693359375,0.0625,-0.0625,-0.0625,0.72900390625,0.0096435546875,-0.6844482421875,-0.00115966796875
1417422141766,0.986328125,0.01513671875,0.0673828125,-0.0625,-0.0625,-0.0625,0.72900390625,0.0096435546875,-0.6844482421875,-0.00115966796875
1417422141789,0.98779296875,0.01416015625,0.06494140625,-0.0625,-0.0625,-0.0625,0.72900390625,0.0096435546875,-0.6844482421875,-0.00115966796875
1417422141804,0.98828125,0.015625,0.06689453125,-0.0625,-0.0625,-0.0625,0.72900390625,0.0096435546875,-0.6844482421875,-0.00115966796875
1417422141827,0.98974609375,0.01708984375,0.068359375,-0.0625,0,0,0.72900390625,0.0096435546875,-0.6844482421875,-0.00115966796875
1417422141849,0.9892578125,0.01513671875,0.06884765625,-0.0625,-0.0625,0.0625,0.72900390625,0.0096435546875,-0.68438720703125,-0.00115966796875
1417422141863,0.98876953125,0.013671875,0.06689453125,0,-0.0625,0,0.72906494140625,0.0096435546875,-0.68438720703125,-0.00115966796875
1417422141886,0.9873046875,0.01318359375,0.0654296875,-0.0625,-0.0625,0,0.72906494140625,0.0096435546875,-0.68438720703125,-0.00115966796875
1417422141909,0.9892578125,0.01416015625,0.06640625,-0.0625,-0.0625,-0.0625,0.72906494140625,0.0096435546875,-0.68438720703125,-0.00115966796875
1417422141924,0.98876953125,0.013671875,0.06396484375,0,-0.0625,-0.0625,0.72906494140625,0.0096435546875,-0.68438720703125,-0.00115966796875
1417422141946,0.9873046875,0.01611328125,0.06591796875,0,-0.125,0,0.72906494140625,0.0096435546875,-0.68438720703125,-0.00115966796875
1417422141968,0.9892578125,0.015625,0.06591796875,0,-0.0625,0,0.72906494140625,0.0096435546875,-0.68438720703125,-0.00115966796875
1417422141984,0.986328125,0.0146484375,0.064453125,-0.0625,-0.0625,-0.0625,0.72906494140625,0.0096435546875,-0.68438720703125,-0.00115966796875
1417422142006,0.98681640625,0.015625,0.06689453125,-0.0625,-0.0625,-0.0625,0.72906494140625,0.0096435546875,-0.684326171875,-0.00115966796875
1417422142029,0.98681640625,0.01416015625,0.06884765625,-0.0625,-0.0625,0,0.7291259765625,0.0096435546875,-0.684326171875,-0.00115966796875
1417422142045,0.986328125,0.01416015625,0.06787109375,0,-0.0625,0,0.7291259765625,0.0096435546875,-0.684326171875,-0.00115966796875
1417422142066,0.98876953125,0.0146484375,0.0634765625,0.0625,-0.0625,0.0625,0.7291259765625,0.0096435546875,-0.684326171875,-0.00115966796875
1417422142089,0.9892578125,0.0126953125,0.06640625,0,-0.125,0,0.7291259765625,0.0096435546875,-0.684326171875,-0.0010986328125
1417422142104,0.9892578125,0.01611328125,0.06640625,-0.0625,-0.125,-0.0625,0.7291259765625,0.0096435546875,-0.684326171875,-0.0010986328125
1417422142126,0.98876953125,0.01611328125,0.06787109375,-0.125,-0.0625,-0.0625,0.7291259765625,0.0096435546875,-0.684326171875,-0.0010986328125
1417422142149,0.98828125,0.01513671875,0.0703125,-0.0625,0,0,0.7291259765625,0.0096435546875,-0.68426513671875,-0.0010986328125
1417422142163,0.98828125,0.01611328125,0.06787109375,-0.0625,0,0,0.72918701171875,0.0096435546875,-0.68426513671875,-0.00115966796875
1417422142186,0.98876953125,0.01416015625,0.06689453125,0,0,0,0.72918701171875,0.0096435546875,-0.68426513671875,-0.0010986328125
1417422142209,0.986328125,0.01171875,0.06640625,0,-0.0625,0,0.72918701171875,0.00958251953125,-0.68426513671875,-0.0010986328125
1417422142224,0.98779296875,0.01220703125,0.0654296875,-0.0625,-0.0625,-0.0625,0.72918701171875,0.00958251953125,-0.68426513671875,-0.0010986328125
1417422142247,0.98828125,0.0146484375,0.06640625,-0.0625,-0.0625,0,0.72918701171875,0.00958251953125,-0.68426513671875,-0.0010986328125
1417422142268,0.9892578125,0.0166015625,0.06689453125,-0.125,-0.0625,-0.0625,0.72918701171875,0.00958251953125,-0.6842041015625,-0.0010986328125
1417422142285,0.98876953125,0.01611328125,0.06787109375,0,-0.0625,-0.0625,0.72918701171875,0.00958251953125,-0.6842041015625,-0.0010986328125
1417422142307,0.98779296875,0.01708984375,0.06787109375,0,-0.0625,0,0.729248046875,0.00958251953125,-0.6842041015625,-0.0010986328125
1417422142329,0.986328125,0.01708984375,0.0654296875,0,0,-0.0625,0.729248046875,0.0096435546875,-0.6842041015625,-0.0010986328125
1417422142344,0.9873046875,0.01318359375,0.06591796875,-0.0625,0,0.0625,0.729248046875,0.00958251953125,-0.6842041015625,-0.0010986328125
1417422142366,0.9873046875,0.0146484375,0.068359375,0,0,0.0625,0.729248046875,0.00958251953125,-0.6842041015625,-0.0010986328125
1417422142389,0.9892578125,0.013671875,0.068359375,-0.0625,-0.0625,0,0.729248046875,0.00958251953125,-0.6842041015625,-0.0010986328125
1417422142411,0.98828125,0.01416015625,0.0634765625,0,-0.0625,0,0.729248046875,0.00958251953125,-0.6842041015625,-0.0010986328125
1417422142426,0.98974609375,0.01513671875,0.0654296875,0.0625,-0.0625,0,0.729248046875,0.00958251953125,-0.68414306640625,-0.0010986328125
1417422142449,0.9873046875,0.01416015625,0.06689453125,0,-0.0625,-0.0625,0.729248046875,0.00958251953125,-0.68414306640625,-0.0010986328125
1417422142471,0.98583984375,0.0146484375,0.06640625,-0.0625,-0.0625,-0.0625,0.729248046875,0.00958251953125,-0.68414306640625,-0.0010986328125
1417422142486,0.9892578125,0.01318359375,0.0654296875,0,-0.0625,0,0.729248046875,0.00958251953125,-0.68414306640625,-0.0010986328125
1417422142509,0.98974609375,0.015625,0.06201171875,-0.0625,0,0,0.729248046875,0.00958251953125,-0.68414306640625,-0.0010986328125
1417422142532,0.9873046875,0.0146484375,0.0673828125,-0.0625,0,0,0.72930908203125,0.00958251953125,-0.68414306640625,-0.0010986328125
1417422142547,0.9873046875,0.01416015625,0.06689453125,0,0,0.0625,0.72930908203125,0.00958251953125,-0.68414306640625,-0.0010986328125
1417422142569,0.98876953125,0.015625,0.06591796875,0,0,0,0.72930908203125,0.00958251953125,-0.68414306640625,-0.0010986328125
1417422142599,0.98779296875,0.01318359375,0.06884765625,0,-0.0625,0,0.72930908203125,0.00958251953125,-0.68414306640625,-0.0010986328125
1417422142606,0.98876953125,0.0146484375,0.06640625,0,-0.0625,-0.0625,0.72930908203125,0.00958251953125,-0.68408203125,-0.0010986328125
1417422142629,0.9873046875,0.01513671875,0.06591796875,-0.0625,-0.0625,-0.0625,0.72930908203125,0.00958251953125,-0.68408203125,-0.0010986328125
1417422142651,0.98876953125,0.01513671875,0.06396484375,0,-0.0625,0,0.72930908203125,0.00958251953125,-0.68408203125,-0.0010986328125
1417422142666,0.98876953125,0.015625,0.06591796875,0,0,0,0.72930908203125,0.00958251953125,-0.68408203125,-0.0010986328125
1417422142689,0.9892578125,0.01220703125,0.0693359375,0.0625,0,0.0625,0.72930908203125,0.00958251953125,-0.68408203125,-0.0010986328125
1417422142712,0.98779296875,0.0126953125,0.068359375,0,0,0,0.7293701171875,0.00958251953125,-0.68408203125,-0.0010986328125
1417422142726,0.9892578125,0.01318359375,0.06787109375,0,-0.0625,0,0.7293701171875,0.00958251953125,-0.68408203125,-0.0010986328125
1417422142749,0.98876953125,0.01416015625,0.06689453125,0,-0.0625,0,0.7293701171875,0.00958251953125,-0.68408203125,-0.0010986328125
1417422142771,0.98876953125,0.015625,0.06787109375,-0.0625,-0.0625,-0.0625,0.7293701171875,0.00958251953125,-0.68402099609375,-0.0010986328125
1417422142786,0.98681640625,0.0146484375,0.0634765625,0,-0.0625,0,0.7293701171875,0.00958251953125,-0.68402099609375,-0.0010986328125
1417422142809,0.9873046875,0.0146484375,0.06591796875,0,0,0,0.7293701171875,0.00958251953125,-0.68402099609375,-0.0010986328125
1417422142832,0.990234375,0.013671875,0.07080078125,0,0,0,0.7293701171875,0.00958251953125,-0.68402099609375,-0.0010986328125
1417422142846,0.990234375,0.0146484375,0.06689453125,0,0,0,0.72943115234375,0.00958251953125,-0.68402099609375,-0.00103759765625
1417422142869,0.98779296875,0.01416015625,0.06787109375,-0.0625,0,0,0.72943115234375,0.009521484375,-0.68402099609375,-0.00103759765625
1417422142891,0.98779296875,0.0146484375,0.0693359375,-0.0625,-0.0625,0,0.72943115234375,0.009521484375,-0.68402099609375,-0.00103759765625
1417422142907,0.98974609375,0.0146484375,0.06787109375,0,-0.0625,-0.0625,0.72943115234375,0.009521484375,-0.6839599609375,-0.00103759765625
1417422142929,0.98876953125,0.0126953125,0.0654296875,0,-0.0625,-0.0625,0.72943115234375,0.009521484375,-0.6839599609375,-0.00103759765625
1417422142953,0.986328125,0.01513671875,0.068359375,0,-0.0625,-0.0625,0.72943115234375,0.009521484375,-0.6839599609375,-0.00103759765625
1417422142966,0.98828125,0.01416015625,0.06787109375,-0.0625,-0.0625,-0.0625,0.72943115234375,0.009521484375,-0.6839599609375,-0.00103759765625
1417422142989,0.98828125,0.01611328125,0.06591796875,0,-0.0625,-0.0625,0.72943115234375,0.009521484375,-0.6839599609375,-0.00103759765625
1417422143011,0.9892578125,0.0146484375,0.0654296875,0.0625,-0.0625,0,0.7294921875,0.009521484375,-0.6839599609375,-0.00103759765625
1417422143026,0.98876953125,0.0146484375,0.06640625,0,0,0,0.7294921875,0.009521484375,-0.6839599609375,-0.00103759765625
1417422143049,0.98681640625,0.0126953125,0.06689453125,0,-0.0625,0.0625,0.7294921875,0.009521484375,-0.6839599609375,-0.00103759765625
1417422143071,0.9873046875,0.01220703125,0.0693359375,0,-0.0625,-0.0625,0.7294921875,0.009521484375,-0.68389892578125,-0.00103759765625
1417422143086,0.98681640625,0.01611328125,0.06640625,-0.0625,-0.0625,-0.0625,0.7294921875,0.009521484375,-0.68389892578125,-0.00103759765625
1417422143108,0.98828125,0.01513671875,0.06884765625,0,-0.0625,-0.0625,0.7294921875,0.009521484375,-0.68389892578125,-0.00103759765625
1417422143131,0.98779296875,0.0146484375,0.064453125,-0.0625,-0.0625,-0.0625,0.7294921875,0.009521484375,-0.68389892578125,-0.00103759765625
1417422143154,0.98681640625,0.015625,0.0654296875,0,-0.0625,0,0.7294921875,0.009521484375,-0.68389892578125,-0.00103759765625
1417422143169,0.98779296875,0.01416015625,0.06494140625,0,-0.0625,0,0.7294921875,0.009521484375,-0.68389892578125,-0.00103759765625
1417422143191,0.98779296875,0.013671875,0.0634765625,0,0,0,0.7294921875,0.009521484375,-0.68389892578125,-0.00103759765625
1417422143206,0.990234375,0.0146484375,0.06640625,-0.0625,-0.0625,0,0.7294921875,0.009521484375,-0.68389892578125,-0.00103759765625
1417422143229,0.990234375,0.01416015625,0.0673828125,-0.0625,0,0,0.7294921875,0.009521484375,-0.68389892578125,-0.00103759765625
1417422143252,0.9873046875,0.0126953125,0.06787109375,0,0,0,0.72955322265625,0.009521484375,-0.68389892578125,-0.00103759765625
1417422143266,0.98974609375,0.0146484375,0.0693359375,-0.0625,0,-0.0625,0.72955322265625,0.009521484375,-0.68389892578125,-0.00103759765625
1417422143288,0.98583984375,0.01708984375,0.068359375,0,-0.0625,-0.0625,0.72955322265625,0.009521484375,-0.683837890625,-0.00103759765625
1417422143312,0.98779296875,0.015625,0.064453125,-0.0625,-0.0625,-0.0625,0.72955322265625,0.009521484375,-0.683837890625,-0.00103759765625
1417422143326,0.9892578125,0.0146484375,0.0673828125,0,0,0,0.72955322265625,0.009521484375,-0.683837890625,-0.00103759765625
1417422143349,0.9873046875,0.013671875,0.0673828125,-0.0625,0,0,0.72955322265625,0.009521484375,-0.683837890625,-0.00103759765625
1417422143371,0.98828125,0.01123046875,0.0673828125,-0.0625,-0.0625,0,0.72955322265625,0.009521484375,-0.683837890625,-0.00103759765625
1417422143386,0.990234375,0.01416015625,0.0693359375,0,0,0,0.72955322265625,0.009521484375,-0.683837890625,-0.00103759765625
1417422143409,0.98876953125,0.015625,0.06689453125,0,-0.0625,-0.0625,0.7296142578125,0.009521484375,-0.683837890625,-0.00103759765625
1417422143432,0.98876953125,0.01318359375,0.06884765625,0,-0.125,-0.0625,0.7296142578125,0.009521484375,-0.683837890625,-0.00103759765625
1417422143446,0.98828125,0.0146484375,0.06689453125,0,-0.0625,0,0.7296142578125,0.009521484375,-0.68377685546875,-0.00103759765625
1417422143469,0.98681640625,0.01611328125,0.06884765625,-0.0625,-0.0625,-0.0625,0.7296142578125,0.009521484375,-0.68377685546875,-0.00103759765625
1417422143491,0.98779296875,0.01416015625,0.0673828125,-0.0625,-0.0625,0,0.7296142578125,0.009521484375,-0.68377685546875,-0.00103759765625
1417422143507,0.98779296875,0.013671875,0.06494140625,-0.0625,-0.0625,0,0.7296142578125,0.009521484375,-0.68377685546875,-0.00103759765625
1417422143529,0.98876953125,0.013671875,0.0693359375,0,-0.0625,0,0.7296142578125,0.00946044921875,-0.68377685546875,-0.00103759765625
1417422143555,0.98681640625,0.0146484375,0.06884765625,0,0,0,0.7296142578125,0.00946044921875,-0.68377685546875,-0.00103759765625
1417422143566,0.9873046875,0.01416015625,0.06591796875,0,0,0,0.72967529296875,0.00946044921875,-0.68377685546875,-0.00103759765625
1417422143591,0.98876953125,0.013671875,0.0654296875,-0.0625,0,-0.0625,0.72967529296875,0.00946044921875,-0.68377685546875,-0.0009765625
1417422143612,0.98681640625,0.01318359375,0.064453125,-0.0625,0,-0.0625,0.72967529296875,0.00946044921875,-0.68377685546875,-0.0009765625
1417422143626,0.98828125,0.01611328125,0.0654296875,-0.0625,0,-0.0625,0.72967529296875,0.00946044921875,-0.68377685546875,-0.0009765625
1417422143649,0.986328125,0.01611328125,0.06787109375,0,0,0,0.72967529296875,0.00946044921875,-0.6837158203125,-0.0009765625
1417422143671,0.98828125,0.01513671875,0.0634765625,0,0,0,0.72967529296875,0.00946044921875,-0.6837158203125,-0.0009765625
1417422143686,0.98779296875,0.0146484375,0.06640625,0,0,0.0625,0.72967529296875,0.00946044921875,-0.6837158203125,-0.0009765625
1417422143710,0.9892578125,0.0146484375,0.06494140625,0,0,0,0.72967529296875,0.00946044921875,-0.6837158203125,-0.0009765625
1417422143732,0.98876953125,0.01513671875,0.06787109375,0,0,-0.0625,0.72967529296875,0.00946044921875,-0.6837158203125,-0.0009765625
1417422143754,0.98974609375,0.0126953125,0.0673828125,0,-0.0625,-0.0625,0.72967529296875,0.00946044921875,-0.6837158203125,-0.0009765625
1417422143769,0.9873046875,0.01611328125,0.0673828125,0,-0.0625,-0.0625,0.72967529296875,0.00946044921875,-0.6837158203125,-0.0009765625
1417422143791,0.98828125,0.0166015625,0.06787109375,0,-0.0625,0,0.72967529296875,0.00946044921875,-0.6837158203125,-0.0009765625
1417422143814,0.9873046875,0.01708984375,0.06591796875,0,0,-0.0625,0.72967529296875,0.00946044921875,-0.6837158203125,-0.00103759765625
1417422143829,0.98779296875,0.01611328125,0.068359375,0,0,-0.0625,0.72967529296875,0.00946044921875,-0.6837158203125,-0.00103759765625
1417422143851,0.986328125,0.0146484375,0.06640625,0,0,0,0.729736328125,0.00946044921875,-0.6837158203125,-0.00103759765625
1417422143873,0.98779296875,0.01318359375,0.0673828125,0,0,0,0.729736328125,0.00946044921875,-0.6837158203125,-0.0009765625
1417422143888,0.9873046875,0.013671875,0.06591796875,-0.0625,-0.0625,-0.0625,0.729736328125,0.00946044921875,-0.68365478515625,-0.0009765625
1417422143911,0.9873046875,0.01318359375,0.06689453125,-0.0625,-0.125,0,0.729736328125,0.00946044921875,-0.68365478515625,-0.0009765625
1417422143934,0.98779296875,0.01708984375,0.06640625,0,-0.125,-0.0625,0.729736328125,0.00946044921875,-0.68365478515625,-0.0009765625
1417422143949,0.9873046875,0.01611328125,0.064453125,-0.0625,-0.125,-0.0625,0.729736328125,0.00946044921875,-0.68365478515625,-0.0009765625
1417422143971,0.98876953125,0.0146484375,0.0654296875,-0.0625,-0.0625,0,0.729736328125,0.00946044921875,-0.68365478515625,-0.0009765625
1417422143994,0.9892578125,0.01513671875,0.06640625,-0.0625,0,0.0625,0.729736328125,0.00946044921875,-0.68365478515625,-0.0009765625
1417422144009,0.9873046875,0.0146484375,0.06591796875,-0.0625,0,0.0625,0.729736328125,0.00946044921875,-0.68365478515625,-0.0009765625
1417422144031,0.9892578125,0.0126953125,0.0693359375,-0.0625,0,0.0625,0.729736328125,0.00946044921875,-0.68365478515625,-0.0009765625
1417422144054,0.98876953125,0.01220703125,0.06787109375,0,-0.0625,0.0625,0.729736328125,0.00946044921875,-0.68365478515625,-0.0009765625
1417422144069,0.98779296875,0.01318359375,0.06591796875,0,-0.0625,-0.0625,0.729736328125,0.00946044921875,-0.68365478515625,-0.0009765625
1417422144091,0.98876953125,0.01416015625,0.06591796875,-0.0625,-0.0625,-0.0625,0.729736328125,0.00946044921875,-0.68365478515625,-0.0009765625
1417422144114,0.98828125,0.01611328125,0.06982421875,-0.0625,-0.0625,-0.0625,0.72979736328125,0.00946044921875,-0.68365478515625,-0.0009765625
1417422144129,0.98779296875,0.01904296875,0.064453125,-0.0625,-0.0625,-0.0625,0.729736328125,0.00946044921875,-0.68365478515625,-0.0009765625
1417422144152,0.98876953125,0.015625,0.06640625,-0.0625,0,0,0.72979736328125,0.00946044921875,-0.68359375,-0.0009765625
1417422144174,0.98583984375,0.01513671875,0.06689453125,0,0,0.0625,0.72979736328125,0.00946044921875,-0.68359375,-0.0009765625
1417422144188,0.98828125,0.01318359375,0.068359375,0,0,0.0625,0.72979736328125,0.00946044921875,-0.68359375,-0.0009765625
1417422144211,0.98779296875,0.01318359375,0.0673828125,0,0,0,0.72979736328125,0.00946044921875,-0.68359375,-0.0009765625
1417422144234,0.9873046875,0.009765625,0.06640625,-0.0625,0,-0.0625,0.72979736328125,0.00946044921875,-0.68359375,-0.0009765625
1417422144249,0.98876953125,0.01318359375,0.0654296875,0,-0.125,-0.125,0.72979736328125,0.00946044921875,-0.68359375,-0.0009765625
1417422144271,0.9892578125,0.01611328125,0.0654296875,0,-0.125,-0.125,0.72979736328125,0.00946044921875,-0.68359375,-0.0009765625
1417422144294,0.98681640625,0.01611328125,0.06201171875,0,-0.0625,-0.0625,0.72979736328125,0.00946044921875,-0.68359375,-0.0009765625
1417422144309,0.98876953125,0.01708984375,0.06591796875,0,0,-0.0625,0.72979736328125,0.00946044921875,-0.68359375,-0.0009765625
1417422144332,0.9873046875,0.01513671875,0.068359375,-0.0625,0,0.0625,0.72979736328125,0.00946044921875,-0.68359375,-0.0009765625
1417422144354,0.98828125,0.013671875,0.06689453125,0,0,0.0625,0.72979736328125,0.00946044921875,-0.68359375,-0.0009765625
1417422144371,0.9892578125,0.01123046875,0.06689453125,0,0,0.0625,0.72979736328125,0.00946044921875,-0.68359375,-0.0009765625
1417422144391,0.98779296875,0.01123046875,0.06494140625,0,-0.0625,0,0.72979736328125,0.00946044921875,-0.68359375,-0.0009765625
1417422144414,0.98681640625,0.013671875,0.06494140625,0,-0.0625,-0.0625,0.72979736328125,0.00946044921875,-0.68359375,-0.0009765625
1417422144429,0.98779296875,0.01513671875,0.06640625,0,-0.0625,-0.0625,0.72979736328125,0.00946044921875,-0.68359375,-0.0009765625
1417422144451,0.986328125,0.01416015625,0.0673828125,0,-0.0625,-0.0625,0.72979736328125,0.00946044921875,-0.68359375,-0.0009765625
1417422144474,0.98681640625,0.017578125,0.06640625,0,-0.0625,0,0.72979736328125,0.00946044921875,-0.68359375,-0.0009765625
1417422144488,0.98828125,0.0146484375,0.068359375,0,0,0.0625,0.7298583984375,0.00946044921875,-0.68353271484375,-0.0009765625
1417422144511,0.98681640625,0.01220703125,0.06591796875,0.0625,0,0.0625,0.7298583984375,0.00946044921875,-0.68353271484375,-0.0009765625
1417422144534,0.98681640625,0.013671875,0.06689453125,0,0,0,0.7298583984375,0.00946044921875,-0.68353271484375,-0.0009765625
1417422144549,0.9873046875,0.01123046875,0.068359375,-0.0625,-0.0625,0,0.7298583984375,0.0093994140625,-0.68353271484375,-0.0009765625
1417422144571,0.98828125,0.01220703125,0.06689453125,-0.0625,-0.0625,-0.0625,0.7298583984375,0.0093994140625,-0.68353271484375,-0.0009765625
1417422144594,0.98876953125,0.015625,0.068359375,-0.0625,-0.125,-0.0625,0.7298583984375,0.0093994140625,-0.68353271484375,-0.0009765625
1417422144609,0.9873046875,0.01513671875,0.06884765625,-0.0625,-0.0625,-0.0625,0.7298583984375,0.0093994140625,-0.68353271484375,-0.0009765625
1417422144631,0.98876953125,0.01806640625,0.06591796875,0,-0.0625,0,0.7298583984375,0.0093994140625,-0.68353271484375,-0.0009765625
1417422144654,0.98681640625,0.0166015625,0.06787109375,-0.0625,-0.0625,0,0.7298583984375,0.00946044921875,-0.68353271484375,-0.0009765625
1417422144669,0.98779296875,0.013671875,0.06591796875,-0.0625,0,0,0.7298583984375,0.0093994140625,-0.68353271484375,-0.0009765625
1417422144691,0.98876953125,0.013671875,0.06640625,-0.0625,0,0.0625,0.7298583984375,0.0093994140625,-0.68353271484375,-0.0009765625
1417422144714,0.98828125,0.01220703125,0.06787109375,-0.0625,-0.0625,0,0.7298583984375,0.0093994140625,-0.6834716796875,-0.0009765625
1417422144729,0.98681640625,0.0126953125,0.06591796875,-0.0625,-0.125,-0.0625,0.7298583984375,0.0093994140625,-0.6834716796875,-0.00091552734375
1417422144751,0.98681640625,0.01318359375,0.0654296875,-0.0625,-0.0625,-0.0625,0.7298583984375,0.0093994140625,-0.6834716796875,-0.00091552734375
1417422144774,0.98876953125,0.0166015625,0.064453125,0,-0.0625,-0.0625,0.7298583984375,0.0093994140625,-0.6834716796875,-0.00091552734375
1417422144788,0.9873046875,0.0166015625,0.06494140625,0,-0.125,-0.0625,0.7298583984375,0.0093994140625,-0.6834716796875,-0.0009765625
1417422144819,0.98828125,0.01513671875,0.064453125,-0.0625,0,0.0625,0.7298583984375,0.0093994140625,-0.6834716796875,-0.0009765625
1417422144834,0.98828125,0.015625,0.06689453125,0,0,0.0625,0.72991943359375,0.0093994140625,-0.6834716796875,-0.0009765625
1417422144849,0.98876953125,0.0126953125,0.068359375,0,0,0.0625,0.72991943359375,0.0093994140625,-0.6834716796875,-0.0009765625
1417422144871,0.98828125,0.01123046875,0.068359375,0,-0.0625,0,0.72991943359375,0.0093994140625,-0.6834716796875,-0.00091552734375
1417422144894,0.98779296875,0.0146484375,0.06689453125,0,-0.0625,-0.0625,0.72991943359375,0.0093994140625,-0.6834716796875,-0.00091552734375
1417422144912,0.98974609375,0.01416015625,0.06494140625,-0.0625,-0.125,-0.0625,0.72991943359375,0.0093994140625,-0.6834716796875,-0.00091552734375
1417422144931,0.98828125,0.01611328125,0.06689453125,-0.0625,-0.0625,-0.125,0.72991943359375,0.0093994140625,-0.6834716796875,-0.00091552734375
1417422144954,0.986328125,0.01806640625,0.0654296875,-0.0625,-0.0625,-0.0625,0.72991943359375,0.0093994140625,-0.6834716796875,-0.00091552734375
1417422144969,0.98681640625,0.015625,0.06640625,-0.0625,0,0.0625,0.72991943359375,0.0093994140625,-0.6834716796875,-0.0009765625
1417422144991,0.9873046875,0.01220703125,0.06689453125,0,0.0625,0.0625,0.72991943359375,0.0093994140625,-0.6834716796875,-0.00091552734375
1417422145014,0.98828125,0.01220703125,0.06884765625,0,0.0625,0.0625,0.72991943359375,0.0093994140625,-0.6834716796875,-0.00091552734375
1417422145029,0.98828125,0.01171875,0.064453125,0,-0.0625,0,0.72991943359375,0.0093994140625,-0.6834716796875,-0.00091552734375
1417422145051,0.98876953125,0.01123046875,0.068359375,0,-0.125,-0.0625,0.72991943359375,0.0093994140625,-0.6834716796875,-0.00091552734375
1417422145073,0.98779296875,0.0166015625,0.0673828125,0,-0.125,-0.125,0.72991943359375,0.0093994140625,-0.6834716796875,-0.00091552734375
1417422145096,0.9873046875,0.0166015625,0.0673828125,-0.0625,-0.0625,-0.0625,0.72991943359375,0.0093994140625,-0.68341064453125,-0.00091552734375
1417422145112,0.98828125,0.015625,0.06640625,0,-0.0625,0,0.72991943359375,0.0093994140625,-0.68341064453125,-0.00091552734375
1417422145134,0.98828125,0.01513671875,0.068359375,-0.0625,0,0.0625,0.72998046875,0.0093994140625,-0.68341064453125,-0.00091552734375
1417422145157,0.9892578125,0.01611328125,0.06640625,0,0,0.0625,0.72998046875,0.0093994140625,-0.68341064453125,-0.00091552734375
1417422145171,0.98828125,0.01513671875,0.0654296875,-0.0625,0,0.0625,0.72998046875,0.0093994140625,-0.68341064453125,-0.00091552734375
1417422145196,0.9892578125,0.0146484375,0.06591796875,0.0625,0,0,0.72998046875,0.0093994140625,-0.68341064453125,-0.00091552734375
1417422145217,0.98779296875,0.01318359375,0.06640625,0,-0.0625,0,0.72998046875,0.0093994140625,-0.68341064453125,-0.00091552734375
1417422145231,0.9892578125,0.01220703125,0.06494140625,0,-0.0625,0,0.72998046875,0.0093994140625,-0.68341064453125,-0.00091552734375
1417422145254,0.98876953125,0.01318359375,0.068359375,-0.0625,-0.0625,-0.0625,0.72998046875,0.0093994140625,-0.68341064453125,-0.00091552734375
1417422145276,0.98779296875,0.0166015625,0.064453125,-0.0625,-0.0625,-0.0625,0.72998046875,0.0093994140625,-0.68341064453125,-0.00091552734375
1417422145291,0.98828125,0.015625,0.0673828125,-0.0625,-0.0625,-0.0625,0.72998046875,0.0093994140625,-0.68341064453125,-0.00091552734375
1417422145314,0.9873046875,0.01611328125,0.06640625,0,0,0,0.72998046875,0.0093994140625,-0.68341064453125,-0.00091552734375
1417422145336,0.98779296875,0.0146484375,0.06494140625,0.0625,-0.0625,0.0625,0.72998046875,0.0093994140625,-0.68341064453125,-0.00091552734375
1417422145351,0.98876953125,0.01025390625,0.06689453125,0,0,0,0.72998046875,0.0093994140625,-0.68341064453125,-0.00091552734375
1417422145374,0.98876953125,0.01416015625,0.0654296875,-0.0625,0,0,0.72998046875,0.0093994140625,-0.68341064453125,-0.00091552734375
1417422145396,0.98828125,0.01416015625,0.06396484375,0,-0.0625,-0.125,0.72998046875,0.0093994140625,-0.68341064453125,-0.00091552734375
1417422145412,0.986328125,0.015625,0.06787109375,-0.125,-0.0625,-0.125,0.72998046875,0.0093994140625,-0.68341064453125,-0.00091552734375
1417422145434,0.9873046875,0.01806640625,0.06787109375,-0.0625,-0.0625,-0.0625,0.72998046875,0.0093994140625,-0.68341064453125,-0.00091552734375
1417422145456,0.98779296875,0.01708984375,0.064453125,0,-0.0625,0,0.72998046875,0.0093994140625,-0.68341064453125,-0.00091552734375
1417422145472,0.98681640625,0.01513671875,0.06298828125,0.0625,-0.0625,0,0.72998046875,0.0093994140625,-0.68341064453125,-0.00091552734375
1417422145493,0.98876953125,0.01416015625,0.06640625,0,0,0.0625,0.72998046875,0.0093994140625,-0.68341064453125,-0.00091552734375
1417422145516,0.98974609375,0.01171875,0.0673828125,0,0.0625,0,0.72998046875,0.0093994140625,-0.68341064453125,-0.00091552734375
1417422145531,0.9892578125,0.0107421875,0.06787109375,-0.125,-0.0625,0,0.72998046875,0.0093994140625,-0.68341064453125,-0.00091552734375
1417422145554,0.98779296875,0.0146484375,0.0712890625,-0.0625,0,-0.0625,0.72998046875,0.0093994140625,-0.683349609375,-0.00091552734375
1417422145576,0.98779296875,0.01171875,0.0673828125,0,-0.0625,-0.0625,0.72998046875,0.0093994140625,-0.683349609375,-0.00091552734375
1417422145592,0.98779296875,0.01513671875,0.06591796875,0,-0.0625,-0.0625,0.72998046875,0.0093994140625,-0.683349609375,-0.00091552734375
1417422145614,0.98828125,0.01611328125,0.06689453125,0,-0.125,0,0.73004150390625,0.0093994140625,-0.683349609375,-0.00091552734375
1417422145636,0.98974609375,0.0146484375,0.0673828125,0,-0.0625,0,0.73004150390625,0.0093994140625,-0.683349609375,-0.00091552734375
1417422145651,0.98681640625,0.013671875,0.064453125,-0.0625,0,0,0.73004150390625,0.0093994140625,-0.683349609375,-0.00091552734375
1417422145674,0.98681640625,0.01513671875,0.06787109375,0,-0.0625,0,0.73004150390625,0.0093994140625,-0.683349609375,-0.00091552734375
1417422145696,0.98828125,0.0146484375,0.068359375,0.0625,-0.0625,0.0625,0.73004150390625,0.0093994140625,-0.683349609375,-0.00091552734375
1417422145711,0.990234375,0.01220703125,0.06640625,-0.0625,-0.0625,0,0.73004150390625,0.00933837890625,-0.683349609375,-0.00091552734375
1417422145734,0.990234375,0.0126953125,0.06201171875,-0.0625,-0.0625,-0.0625,0.73004150390625,0.00933837890625,-0.683349609375,-0.00091552734375
1417422145757,0.98828125,0.01318359375,0.06787109375,-0.0625,-0.0625,-0.0625,0.73004150390625,0.00933837890625,-0.683349609375,-0.00091552734375
1417422145771,0.98779296875,0.015625,0.06591796875,0,-0.0625,-0.0625,0.73004150390625,0.00933837890625,-0.683349609375,-0.00091552734375
1417422145793,0.98779296875,0.017578125,0.06494140625,0,-0.0625,0,0.73004150390625,0.00933837890625,-0.683349609375,-0.00091552734375
1417422145816,0.98876953125,0.01318359375,0.0654296875,0,-0.0625,0,0.73004150390625,0.00933837890625,-0.683349609375,-0.00091552734375
1417422145832,0.98681640625,0.01220703125,0.06640625,-0.0625,0,0,0.73004150390625,0.00933837890625,-0.683349609375,-0.00091552734375
1417422145854,0.98828125,0.013671875,0.06640625,0,0,0,0.73004150390625,0.00933837890625,-0.683349609375,-0.00091552734375
1417422145877,0.9873046875,0.01416015625,0.06787109375,-0.0625,0,-0.0625,0.73004150390625,0.00933837890625,-0.683349609375,-0.00091552734375
1417422145891,0.98828125,0.01318359375,0.0654296875,-0.0625,-0.0625,-0.0625,0.73004150390625,0.00933837890625,-0.683349609375,-0.00091552734375
1417422145914,0.98876953125,0.01513671875,0.06689453125,0,-0.0625,-0.0625,0.73004150390625,0.00933837890625,-0.683349609375,-0.00091552734375
1417422145937,0.98779296875,0.01416015625,0.0654296875,0,-0.0625,0,0.73004150390625,0.00933837890625,-0.683349609375,-0.00091552734375
1417422145951,0.98828125,0.0126953125,0.06640625,0,-0.0625,-0.0625,0.73004150390625,0.00933837890625,-0.683349609375,-0.0008544921875
1417422145974,0.9892578125,0.015625,0.06689453125,-0.0625,0,0,0.73004150390625,0.00933837890625,-0.683349609375,-0.00091552734375
1417422145996,0.9892578125,0.01318359375,0.0673828125,0,-0.0625,0,0.73004150390625,0.00933837890625,-0.683349609375,-0.0008544921875
1417422146011,0.9853515625,0.0126953125,0.06787109375,-0.0625,0,0,0.73004150390625,0.00933837890625,-0.683349609375,-0.0008544921875
1417422146034,0.98681640625,0.015625,0.06591796875,-0.0625,-0.0625,0,0.73004150390625,0.00933837890625,-0.683349609375,-0.0008544921875
1417422146056,0.98681640625,0.01318359375,0.064453125,0,-0.0625,-0.0625,0.73004150390625,0.00933837890625,-0.683349609375,-0.0008544921875
1417422146071,0.9892578125,0.01416015625,0.06591796875,-0.0625,-0.0625,-0.0625,0.73004150390625,0.00933837890625,-0.683349609375,-0.0008544921875
1417422146094,0.98828125,0.01318359375,0.06591796875,-0.0625,-0.0625,-0.0625,0.73004150390625,0.00933837890625,-0.683349609375,-0.0008544921875
1417422146117,0.986328125,0.017578125,0.06689453125,-0.0625,-0.0625,-0.0625,0.73004150390625,0.00933837890625,-0.68328857421875,-0.0008544921875
1417422146131,0.990234375,0.0146484375,0.06689453125,-0.0625,-0.0625,0,0.73004150390625,0.00933837890625,-0.68328857421875,-0.0008544921875
1417422146154,0.9892578125,0.0146484375,0.06640625,0,-0.0625,0,0.73004150390625,0.00933837890625,-0.68328857421875,-0.0008544921875
1417422146176,0.990234375,0.01513671875,0.06787109375,0,0,0,0.73004150390625,0.00933837890625,-0.68328857421875,-0.0008544921875
1417422146191,0.98876953125,0.0126953125,0.06689453125,-0.0625,-0.0625,0,0.7301025390625,0.00933837890625,-0.68328857421875,-0.0008544921875
1417422146214,0.98876953125,0.015625,0.06689453125,-0.0625,-0.0625,-0.0625,0.7301025390625,0.00933837890625,-0.68328857421875,-0.0008544921875
1417422146236,0.98876953125,0.0166015625,0.068359375,0,-0.0625,-0.0625,0.7301025390625,0.00933837890625,-0.68328857421875,-0.0008544921875
1417422146251,0.98779296875,0.013671875,0.06982421875,0,-0.0625,0,0.7301025390625,0.00933837890625,-0.68328857421875,-0.0008544921875
1417422146274,0.98876953125,0.0166015625,0.0673828125,0,-0.0625,0,0.7301025390625,0.00933837890625,-0.68328857421875,-0.0008544921875
1417422146296,0.98828125,0.01611328125,0.068359375,0,-0.0625,-0.0625,0.7301025390625,0.00933837890625,-0.68328857421875,-0.00091552734375
1417422146311,0.9873046875,0.0146484375,0.06640625,-0.0625,-0.0625,0,0.7301025390625,0.00933837890625,-0.68328857421875,-0.00091552734375
1417422146334,0.98828125,0.0126953125,0.0673828125,-0.0625,0,0,0.7301025390625,0.00933837890625,-0.68328857421875,-0.0008544921875
1417422146356,0.9892578125,0.01513671875,0.06787109375,-0.0625,0,0,0.7301025390625,0.00933837890625,-0.68328857421875,-0.0008544921875
1417422146371,0.98876953125,0.01416015625,0.06591796875,-0.0625,-0.0625,0,0.7301025390625,0.00933837890625,-0.68328857421875,-0.0008544921875
1417422146394,0.98681640625,0.01611328125,0.06689453125,0,-0.0625,0,0.7301025390625,0.00933837890625,-0.68328857421875,-0.0008544921875
1417422146416,0.9873046875,0.01513671875,0.06494140625,0,-0.0625,0,0.7301025390625,0.00933837890625,-0.68328857421875,-0.0008544921875
1417422146431,0.98681640625,0.01513671875,0.068359375,0,-0.0625,-0.0625,0.7301025390625,0.00933837890625,-0.6832275390625,-0.00091552734375
1417422146454,0.98828125,0.0166015625,0.0673828125,0,0,-0.0625,0.7301025390625,0.00933837890625,-0.6832275390625,-0.00091552734375
1417422146476,0.9873046875,0.013671875,0.06591796875,0,0,0,0.7301025390625,0.00933837890625,-0.6832275390625,-0.00091552734375
1417422146499,0.98681640625,0.013671875,0.06591796875,0,-0.0625,0,0.7301025390625,0.00933837890625,-0.6832275390625,-0.00091552734375
1417422146514,0.98828125,0.01416015625,0.06494140625,-0.0625,-0.0625,0,0.7301025390625,0.00933837890625,-0.6832275390625,-0.0008544921875
1417422146536,0.98876953125,0.0126953125,0.06640625,-0.0625,-0.0625,-0.0625,0.7301025390625,0.00933837890625,-0.6832275390625,-0.0008544921875
1417422146559,0.98876953125,0.01318359375,0.06640625,0,-0.0625,0.0625,0.7301025390625,0.00933837890625,-0.6832275390625,-0.0008544921875
1417422146574,0.9873046875,0.0146484375,0.06787109375,0,-0.0625,-0.0625,0.7301025390625,0.00933837890625,-0.6832275390625,-0.0008544921875
1417422146596,0.98681640625,0.01416015625,0.06787109375,-0.0625,0,-0.0625,0.73016357421875,0.00933837890625,-0.6832275390625,-0.0008544921875
1417422146619,0.98779296875,0.015625,0.06640625,0,-0.0625,0,0.73016357421875,0.00933837890625,-0.6832275390625,-0.0008544921875
1417422146634,0.98828125,0.015625,0.06494140625,-0.0625,-0.0625,0,0.73016357421875,0.00933837890625,-0.6832275390625,-0.0008544921875
1417422146657,0.98681640625,0.0146484375,0.06640625,0,0,0,0.73016357421875,0.00933837890625,-0.6832275390625,-0.0008544921875
1417422146679,0.9873046875,0.013671875,0.06591796875,0,-0.0625,0,0.73016357421875,0.00933837890625,-0.6832275390625,-0.0008544921875
1417422146694,0.99072265625,0.01611328125,0.068359375,-0.0625,-0.0625,0,0.73016357421875,0.00933837890625,-0.6832275390625,-0.0008544921875
1417422146717,0.98876953125,0.0126953125,0.0673828125,0,0,0.0625,0.73016357421875,0.00933837890625,-0.6832275390625,-0.0008544921875
1417422146739,0.98681640625,0.013671875,0.06640625,-0.0625,-0.0625,-0.125,0.73016357421875,0.00933837890625,-0.6832275390625,-0.0008544921875
1417422146754,0.9892578125,0.015625,0.0654296875,-0.0625,-0.125,-0.0625,0.73016357421875,0.00933837890625,-0.6832275390625,-0.0008544921875
1417422146776,0.98681640625,0.0146484375,0.068359375,0.0625,0,0.125,0.73016357421875,0.00933837890625,-0.6832275390625,-0.0008544921875
1417422146799,0.9873046875,0.015625,0.06396484375,-0.0625,-0.0625,-0.0625,0.73016357421875,0.00933837890625,-0.6832275390625,-0.0008544921875
1417422146814,0.98828125,0.01513671875,0.0634765625,0,0,0,0.73016357421875,0.00933837890625,-0.6832275390625,-0.0008544921875
1417422146836,0.9873046875,0.0126953125,0.06689453125,0,-0.0625,0.0625,0.73016357421875,0.00933837890625,-0.6832275390625,-0.0008544921875
1417422146859,0.9873046875,0.01708984375,0.06689453125,-0.0625,-0.125,-0.125,0.73016357421875,0.00933837890625,-0.6832275390625,-0.0008544921875
1417422146874,0.986328125,0.01708984375,0.06640625,-0.0625,-0.0625,0,0.73016357421875,0.00933837890625,-0.6832275390625,-0.0008544921875
1417422146896,0.98828125,0.0166015625,0.068359375,0.0625,-0.0625,0.0625,0.73016357421875,0.00933837890625,-0.6832275390625,-0.00091552734375
1417422146919,0.98876953125,0.01513671875,0.06640625,0,-0.0625,0,0.73016357421875,0.00933837890625,-0.6832275390625,-0.00091552734375
1417422146934,0.9873046875,0.013671875,0.064453125,0,-0.125,0,0.73016357421875,0.00933837890625,-0.6832275390625,-0.00091552734375
1417422146957,0.990234375,0.01220703125,0.06298828125,0,0,0.0625,0.73016357421875,0.00933837890625,-0.6832275390625,-0.0008544921875
1417422146979,0.9873046875,0.01416015625,0.06640625,-0.125,-0.0625,-0.0625,0.73016357421875,0.00933837890625,-0.6832275390625,-0.0008544921875
1417422146994,0.9892578125,0.01416015625,0.06884765625,-0.125,-0.0625,-0.0625,0.73016357421875,0.00933837890625,-0.6832275390625,-0.0008544921875
1417422147016,0.98779296875,0.0166015625,0.0703125,0,-0.0625,0,0.73016357421875,0.00933837890625,-0.6832275390625,-0.0008544921875
1417422147039,0.9873046875,0.01708984375,0.0673828125,0,-0.0625,-0.0625,0.73016357421875,0.00933837890625,-0.68316650390625,-0.00091552734375
1417422147054,0.98828125,0.01513671875,0.0673828125,0,-0.0625,0,0.73016357421875,0.00933837890625,-0.68316650390625,-0.00091552734375
1417422147076,0.98828125,0.015625,0.06298828125,0,0,0.0625,0.73016357421875,0.00933837890625,-0.6832275390625,-0.00091552734375
1417422147099,0.98828125,0.01416015625,0.06591796875,-0.0625,0,0,0.73016357421875,0.00933837890625,-0.6832275390625,-0.00091552734375
1417422147114,0.990234375,0.01416015625,0.06787109375,0,0,0,0.73016357421875,0.00933837890625,-0.68316650390625,-0.00091552734375
1417422147137,0.98876953125,0.01318359375,0.06689453125,0,0,0.0625,0.73016357421875,0.00933837890625,-0.68316650390625,-0.00091552734375
1417422147159,0.9873046875,0.01416015625,0.06787109375,0.0625,0,0,0.73016357421875,0.00933837890625,-0.68316650390625,-0.0008544921875
1417422147174,0.9873046875,0.0126953125,0.0654296875,0,0,0,0.73016357421875,0.00933837890625,-0.68316650390625,-0.0008544921875
1417422147196,0.9873046875,0.0146484375,0.064453125,0,-0.125,-0.0625,0.73016357421875,0.00933837890625,-0.68316650390625,-0.0008544921875
1417422147219,0.98876953125,0.01611328125,0.06396484375,-0.0625,-0.0625,-0.125,0.73016357421875,0.00933837890625,-0.68316650390625,-0.0008544921875
1417422147234,0.9892578125,0.0166015625,0.064453125,-0.0625,-0.0625,-0.0625,0.73016357421875,0.00933837890625,-0.6832275390625,-0.00091552734375
1417422147257,0.98779296875,0.01513671875,0.0673828125,-0.0625,-0.0625,0,0.73016357421875,0.00933837890625,-0.68316650390625,-0.00091552734375
1417422147279,0.98681640625,0.01220703125,0.0673828125,0.0625,0,0.0625,0.73016357421875,0.00933837890625,-0.68316650390625,-0.0008544921875
1417422147294,0.98876953125,0.01171875,0.06689453125,0.0625,0,0.0625,0.73016357421875,0.00933837890625,-0.68316650390625,-0.0008544921875
1417422147317,0.9873046875,0.01318359375,0.06591796875,0,0,0,0.73016357421875,0.00933837890625,-0.68316650390625,-0.0008544921875
1417422147339,0.9873046875,0.01513671875,0.0654296875,-0.0625,-0.0625,-0.0625,0.73016357421875,0.00933837890625,-0.68316650390625,-0.0008544921875
1417422147354,0.98828125,0.01611328125,0.064453125,0,-0.0625,-0.0625,0.73016357421875,0.00933837890625,-0.68316650390625,-0.0008544921875
1417422147377,0.986328125,0.0146484375,0.06787109375,0,-0.0625,-0.0625,0.73016357421875,0.00933837890625,-0.68316650390625,-0.0008544921875
1417422147399,0.9873046875,0.0126953125,0.06494140625,0,-0.0625,0,0.73016357421875,0.00933837890625,-0.68316650390625,-0.0008544921875
1417422147414,0.98876953125,0.013671875,0.06689453125,0.0625,0,0,0.73016357421875,0.00933837890625,-0.68316650390625,-0.0008544921875
1417422147436,0.98876953125,0.0146484375,0.068359375,-0.0625,0,0,0.73016357421875,0.00933837890625,-0.68316650390625,-0.0008544921875
1417422147459,0.9873046875,0.01318359375,0.06689453125,-0.0625,0,-0.0625,0.73016357421875,0.00933837890625,-0.68316650390625,-0.0008544921875
1417422147474,0.98681640625,0.01416015625,0.0693359375,-0.125,0,-0.0625,0.730224609375,0.00933837890625,-0.68316650390625,-0.0008544921875
1417422147496,0.9873046875,0.01416015625,0.06787109375,0,-0.0625,-0.0625,0.730224609375,0.00933837890625,-0.68316650390625,-0.0008544921875
1417422147519,0.98828125,0.013671875,0.06640625,0,0,0,0.730224609375,0.00933837890625,-0.68316650390625,-0.0008544921875
1417422147534,0.98876953125,0.01416015625,0.06640625,-0.0625,-0.0625,0,0.730224609375,0.00933837890625,-0.68316650390625,-0.0008544921875
1417422147557,0.98779296875,0.0146484375,0.0673828125,-0.0625,-0.0625,0,0.730224609375,0.00933837890625,-0.68316650390625,-0.0008544921875
1417422147578,0.98876953125,0.013671875,0.06689453125,-0.0625,0,-0.0625,0.730224609375,0.00933837890625,-0.68316650390625,-0.0008544921875
1417422147593,0.98828125,0.01611328125,0.06494140625,-0.0625,-0.0625,-0.0625,0.730224609375,0.00933837890625,-0.68316650390625,-0.0008544921875
1417422147617,0.9892578125,0.01513671875,0.06591796875,0.0625,-0.0625,0,0.730224609375,0.00933837890625,-0.68316650390625,-0.0008544921875
1417422147639,0.98828125,0.01611328125,0.06689453125,0,-0.0625,0.0625,0.730224609375,0.00933837890625,-0.68316650390625,-0.0008544921875
1417422147654,0.98876953125,0.013671875,0.0634765625,0,0,0,0.730224609375,0.00933837890625,-0.68316650390625,-0.0008544921875
1417422147677,0.986328125,0.01416015625,0.06884765625,-0.0625,0,0,0.730224609375,0.00933837890625,-0.68316650390625,-0.0008544921875
1417422147699,0.9873046875,0.013671875,0.0673828125,-0.0625,-0.0625,-0.0625,0.730224609375,0.00933837890625,-0.68316650390625,-0.0008544921875
1417422147714,0.98828125,0.015625,0.06689453125,-0.0625,-0.0625,0,0.730224609375,0.00933837890625,-0.68316650390625,-0.0008544921875
1417422147737,0.98876953125,0.0166015625,0.06494140625,0,-0.0625,0,0.730224609375,0.00933837890625,-0.68316650390625,-0.0008544921875
1417422147759,0.98583984375,0.01416015625,0.06396484375,0,-0.0625,0,0.730224609375,0.00933837890625,-0.68316650390625,-0.0008544921875
1417422147774,0.9873046875,0.01416015625,0.06689453125,0,-0.0625,0,0.730224609375,0.00933837890625,-0.68316650390625,-0.0008544921875
1417422147796,0.98779296875,0.013671875,0.06494140625,0,-0.0625,0,0.730224609375,0.00933837890625,-0.68316650390625,-0.0008544921875
1417422147819,0.9892578125,0.01318359375,0.06787109375,0,0,0,0.730224609375,0.00933837890625,-0.68316650390625,-0.0008544921875
1417422147842,0.9873046875,0.01416015625,0.06884765625,0,-0.0625,0.0625,0.730224609375,0.00933837890625,-0.68316650390625,-0.0008544921875
1417422147856,0.98779296875,0.01513671875,0.06591796875,0,-0.0625,0,0.730224609375,0.00933837890625,-0.68316650390625,-0.0008544921875
1417422147879,0.990234375,0.015625,0.0673828125,0,-0.0625,0,0.730224609375,0.00933837890625,-0.68316650390625,-0.0008544921875
1417422147902,0.98876953125,0.0146484375,0.06591796875,0,-0.0625,0,0.730224609375,0.00933837890625,-0.68316650390625,-0.0008544921875
1417422147916,0.9873046875,0.0146484375,0.06494140625,0,-0.0625,0,0.730224609375,0.00933837890625,-0.68316650390625,-0.0008544921875
1417422147939,0.98779296875,0.01416015625,0.06982421875,-0.0625,-0.0625,0,0.730224609375,0.00933837890625,-0.68310546875,-0.0008544921875
1417422147961,0.98876953125,0.0146484375,0.06884765625,-0.0625,0,0,0.730224609375,0.00933837890625,-0.68310546875,-0.0008544921875
1417422147977,0.98828125,0.01416015625,0.06787109375,0,-0.0625,0,0.730224609375,0.00933837890625,-0.68310546875,-0.0008544921875
1417422147999,0.98876953125,0.013671875,0.06640625,0,-0.0625,0,0.730224609375,0.00933837890625,-0.68310546875,-0.0008544921875
1417422148021,0.986328125,0.01513671875,0.06689453125,0,-0.0625,-0.0625,0.730224609375,0.00933837890625,-0.68310546875,-0.0008544921875
1417422148036,0.98876953125,0.01416015625,0.0673828125,0,-0.0625,-0.0625,0.730224609375,0.00933837890625,-0.68310546875,-0.0008544921875
1417422148059,0.98681640625,0.013671875,0.06591796875,-0.0625,-0.0625,0,0.730224609375,0.00933837890625,-0.68310546875,-0.0008544921875
1417422148082,0.9873046875,0.01611328125,0.06396484375,-0.0625,-0.0625,0,0.730224609375,0.00933837890625,-0.68310546875,-0.0008544921875
1417422148105,0.98681640625,0.01513671875,0.0654296875,0,0,0,0.730224609375,0.00933837890625,-0.68310546875,-0.0008544921875
1417422148119,0.98828125,0.01611328125,0.06591796875,0,0,0,0.730224609375,0.00933837890625,-0.68310546875,-0.0008544921875
1417422148142,0.98828125,0.01416015625,0.06982421875,0.0625,0,0,0.730224609375,0.00933837890625,-0.68310546875,-0.0008544921875
1417422148157,0.98828125,0.01513671875,0.06494140625,0,0,0,0.730224609375,0.00933837890625,-0.68310546875,-0.0008544921875
1417422148179,0.98681640625,0.01513671875,0.06494140625,0,0,0,0.730224609375,0.00933837890625,-0.68310546875,-0.0008544921875
1417422148201,0.98876953125,0.0146484375,0.0673828125,0,-0.0625,0,0.730224609375,0.00933837890625,-0.68310546875,-0.0008544921875
1417422148216,0.98779296875,0.01513671875,0.06591796875,0,-0.0625,-0.0625,0.730224609375,0.00933837890625,-0.68310546875,-0.0008544921875
1417422148239,0.990234375,0.01318359375,0.06787109375,0,0,0,0.730224609375,0.00933837890625,-0.68310546875,-0.0008544921875
1417422148261,0.98779296875,0.01416015625,0.06787109375,0,0,-0.0625,0.73028564453125,0.00933837890625,-0.68310546875,-0.0008544921875
1417422148277,0.98828125,0.01513671875,0.0673828125,0,0,0,0.73028564453125,0.00933837890625,-0.68310546875,-0.0008544921875
1417422148299,0.9892578125,0.01416015625,0.06640625,0,0,0.0625,0.73028564453125,0.00933837890625,-0.68310546875,-0.0008544921875
1417422148321,0.98681640625,0.0146484375,0.0673828125,0,-0.0625,0,0.73028564453125,0.00933837890625,-0.68310546875,-0.0008544921875
1417422148336,0.98779296875,0.01318359375,0.0654296875,-0.0625,0,0,0.73028564453125,0.00933837890625,-0.68310546875,-0.0008544921875
1417422148360,0.98779296875,0.0126953125,0.06982421875,0,-0.0625,-0.0625,0.73028564453125,0.00933837890625,-0.68310546875,-0.0008544921875
1417422148382,0.98681640625,0.015625,0.06396484375,0,-0.0625,-0.0625,0.73028564453125,0.00933837890625,-0.68310546875,-0.0008544921875
1417422148396,0.98876953125,0.01513671875,0.0654296875,0,-0.0625,-0.0625,0.73028564453125,0.00933837890625,-0.68310546875,-0.0008544921875
1417422148427,0.98583984375,0.01611328125,0.06689453125,-0.0625,-0.0625,0,0.73028564453125,0.00933837890625,-0.68310546875,-0.0008544921875
1417422148441,0.9873046875,0.013671875,0.06689453125,-0.0625,0,0,0.73028564453125,0.00933837890625,-0.68310546875,-0.0008544921875
1417422148456,0.98779296875,0.0146484375,0.06689453125,0,-0.0625,-0.0625,0.73028564453125,0.00933837890625,-0.68310546875,-0.0008544921875
1417422148479,0.9853515625,0.013671875,0.06640625,0,0,0,0.73028564453125,0.00933837890625,-0.68310546875,-0.0008544921875
1417422148502,0.9873046875,0.01123046875,0.0673828125,0,0,-0.0625,0.73028564453125,0.00927734375,-0.68310546875,-0.0008544921875
1417422148516,0.98828125,0.013671875,0.06591796875,-0.0625,0,-0.0625,0.73028564453125,0.00927734375,-0.68310546875,-0.0008544921875
1417422148539,0.98876953125,0.01513671875,0.06591796875,-0.0625,0,-0.0625,0.73028564453125,0.00927734375,-0.68310546875,-0.0008544921875
1417422148561,0.98876953125,0.0166015625,0.06982421875,0,-0.0625,-0.0625,0.73028564453125,0.00933837890625,-0.68310546875,-0.0008544921875
1417422148576,0.98876953125,0.01708984375,0.06787109375,0,-0.0625,0,0.73028564453125,0.00933837890625,-0.68310546875,-0.0008544921875
1417422148599,0.9892578125,0.0146484375,0.06591796875,0,-0.0625,0,0.73028564453125,0.00933837890625,-0.68310546875,-0.0008544921875
1417422148621,0.9873046875,0.0146484375,0.06494140625,0,-0.0625,0,0.73028564453125,0.00933837890625,-0.68310546875,-0.0008544921875
1417422148637,0.98828125,0.01611328125,0.068359375,-0.0625,-0.0625,-0.0625,0.73028564453125,0.00933837890625,-0.68304443359375,-0.0008544921875
1417422148659,0.98828125,0.01318359375,0.06689453125,-0.0625,0,0,0.73028564453125,0.00933837890625,-0.68304443359375,-0.0008544921875
1417422148682,0.98974609375,0.01416015625,0.06591796875,0,0,0,0.73028564453125,0.00933837890625,-0.68304443359375,-0.0008544921875
1417422148696,0.986328125,0.01416015625,0.068359375,0,0,0,0.73028564453125,0.00933837890625,-0.68304443359375,-0.0008544921875
1417422148719,0.9873046875,0.01513671875,0.06298828125,0,-0.0625,0,0.73028564453125,0.00933837890625,-0.68304443359375,-0.0008544921875
1417422148741,0.98974609375,0.01611328125,0.06494140625,0,-0.0625,0,0.73028564453125,0.00933837890625,-0.68310546875,-0.0008544921875
1417422148757,0.98681640625,0.01318359375,0.06640625,0,-0.0625,-0.0625,0.73028564453125,0.00933837890625,-0.68310546875,-0.0008544921875
1417422148779,0.98681640625,0.0146484375,0.06787109375,-0.0625,-0.0625,0,0.73028564453125,0.00933837890625,-0.68304443359375,-0.0008544921875
1417422148803,0.98779296875,0.015625,0.06982421875,-0.0625,0,0,0.73028564453125,0.00933837890625,-0.68304443359375,-0.0008544921875
1417422148816,0.98583984375,0.01220703125,0.06787109375,-0.0625,-0.0625,0,0.73028564453125,0.00933837890625,-0.68304443359375,-0.0008544921875
1417422148839,0.98681640625,0.01416015625,0.06884765625,-0.0625,-0.0625,0,0.73028564453125,0.00933837890625,-0.68304443359375,-0.0008544921875
1417422148864,0.98583984375,0.01611328125,0.06787109375,0,-0.0625,-0.0625,0.73028564453125,0.00933837890625,-0.68304443359375,-0.0008544921875
1417422148877,0.98876953125,0.013671875,0.064453125,-0.0625,-0.0625,0,0.73028564453125,0.00933837890625,-0.68304443359375,-0.0008544921875
1417422148899,0.98779296875,0.01611328125,0.06591796875,-0.0625,0,0,0.73028564453125,0.00933837890625,-0.68304443359375,-0.0008544921875
1417422148921,0.98779296875,0.0166015625,0.06640625,-0.0625,0,-0.0625,0.73028564453125,0.00933837890625,-0.68304443359375,-0.0008544921875
1417422148936,0.98828125,0.015625,0.06591796875,-0.0625,0,0,0.73028564453125,0.00933837890625,-0.68304443359375,-0.0008544921875
1417422148959,0.9873046875,0.0146484375,0.06787109375,0,-0.0625,-0.0625,0.73028564453125,0.00933837890625,-0.68304443359375,-0.0008544921875
1417422148981,0.98876953125,0.013671875,0.06884765625,0,0,0,0.73028564453125,0.00933837890625,-0.68304443359375,-0.0008544921875
1417422148996,0.98583984375,0.01318359375,0.06982421875,-0.0625,0,0,0.7303466796875,0.00933837890625,-0.68304443359375,-0.0008544921875
1417422149018,0.9873046875,0.01416015625,0.06884765625,-0.0625,0,0,0.7303466796875,0.00933837890625,-0.68304443359375,-0.0008544921875
1417422149041,0.98876953125,0.01513671875,0.0703125,-0.0625,-0.0625,0,0.7303466796875,0.00933837890625,-0.68304443359375,-0.0008544921875
1417422149057,0.98828125,0.01513671875,0.06640625,-0.0625,-0.0625,0,0.7303466796875,0.00933837890625,-0.68304443359375,-0.0008544921875
1417422149079,0.98828125,0.013671875,0.064453125,0,-0.0625,0,0.7303466796875,0.00933837890625,-0.68304443359375,-0.0008544921875
1417422149102,0.98828125,0.015625,0.06640625,0,0,0,0.7303466796875,0.00933837890625,-0.68304443359375,-0.0008544921875
1417422149116,0.98681640625,0.01513671875,0.06591796875,-0.0625,-0.0625,-0.0625,0.7303466796875,0.00933837890625,-0.68304443359375,-0.0008544921875
1417422149139,0.98828125,0.015625,0.0673828125,0,0,-0.0625,0.7303466796875,0.00933837890625,-0.68304443359375,-0.0008544921875
1417422149161,0.98974609375,0.0166015625,0.06787109375,-0.0625,-0.0625,-0.0625,0.7303466796875,0.00933837890625,-0.68304443359375,-0.0008544921875
1417422149177,0.98974609375,0.01513671875,0.06640625,0,0,0,0.7303466796875,0.00933837890625,-0.68304443359375,-0.0008544921875
1417422149199,0.98828125,0.0146484375,0.064453125,0,0,0,0.7303466796875,0.00933837890625,-0.68304443359375,-0.0008544921875
1417422149221,0.98681640625,0.0146484375,0.064453125,0,-0.0625,0,0.7303466796875,0.00933837890625,-0.68304443359375,-0.0008544921875
1417422149244,0.9873046875,0.015625,0.06884765625,0.0625,0,0,0.7303466796875,0.00933837890625,-0.68304443359375,-0.0008544921875
1417422149259,0.98876953125,0.013671875,0.0634765625,-0.0625,-0.0625,-0.0625,0.7303466796875,0.00933837890625,-0.68304443359375,-0.0008544921875
1417422149281,0.9873046875,0.01611328125,0.06689453125,-0.0625,0,0,0.7303466796875,0.00933837890625,-0.68304443359375,-0.0008544921875
1417422149304,0.9892578125,0.01318359375,0.06689453125,0,-0.0625,0,0.7303466796875,0.00933837890625,-0.68304443359375,-0.0008544921875
1417422149318,0.986328125,0.01318359375,0.06591796875,0.0625,-0.0625,0,0.7303466796875,0.00933837890625,-0.68304443359375,-0.0008544921875
1417422149341,0.9892578125,0.013671875,0.06494140625,0,-0.0625,0,0.7303466796875,0.00933837890625,-0.68304443359375,-0.0008544921875
1417422149364,0.98974609375,0.0146484375,0.06787109375,-0.0625,0,-0.0625,0.7303466796875,0.00933837890625,-0.68304443359375,-0.0008544921875
1417422149379,0.98779296875,0.01318359375,0.06494140625,-0.0625,-0.0625,-0.0625,0.7303466796875,0.00933837890625,-0.68304443359375,-0.0008544921875
1417422149401,0.9892578125,0.015625,0.07080078125,-0.0625,-0.0625,-0.0625,0.7303466796875,0.00933837890625,-0.68304443359375,-0.0008544921875
1417422149423,0.9873046875,0.01513671875,0.0693359375,0,-0.125,0,0.7303466796875,0.00933837890625,-0.6829833984375,-0.0008544921875
1417422149439,0.98583984375,0.015625,0.0654296875,0,-0.0625,0,0.7303466796875,0.00933837890625,-0.6829833984375,-0.0008544921875
1417422149461,0.98681640625,0.015625,0.0634765625,0,0,0.0625,0.7303466796875,0.00933837890625,-0.68304443359375,-0.0008544921875
1417422149484,0.9873046875,0.01416015625,0.0673828125,0,-0.0625,0,0.7303466796875,0.00933837890625,-0.6829833984375,-0.0008544921875
1417422149499,0.98876953125,0.01318359375,0.0673828125,-0.0625,0,0,0.7303466796875,0.00933837890625,-0.6829833984375,-0.0008544921875
1417422149521,0.98828125,0.0166015625,0.0673828125,-0.125,0,-0.0625,0.7303466796875,0.00933837890625,-0.6829833984375,-0.0008544921875
1417422149544,0.98583984375,0.015625,0.06982421875,-0.0625,-0.0625,-0.0625,0.7303466796875,0.00933837890625,-0.6829833984375,-0.0008544921875
1417422149559,0.98779296875,0.017578125,0.06640625,-0.0625,-0.0625,-0.0625,0.7303466796875,0.00933837890625,-0.6829833984375,-0.0008544921875
1417422149581,0.98779296875,0.0166015625,0.06640625,0.0625,-0.0625,0,0.7303466796875,0.00933837890625,-0.6829833984375,-0.0008544921875
1417422149604,0.98828125,0.0146484375,0.06982421875,0,-0.0625,0,0.7303466796875,0.00933837890625,-0.6829833984375,-0.0008544921875
1417422149618,0.98876953125,0.01318359375,0.0673828125,0,0,0,0.7303466796875,0.00933837890625,-0.6829833984375,-0.0008544921875
1417422149641,0.98828125,0.01513671875,0.06494140625,-0.0625,0,0,0.7303466796875,0.00933837890625,-0.6829833984375,-0.0008544921875
1417422149664,0.98779296875,0.01513671875,0.06689453125,0,-0.0625,0,0.7303466796875,0.00933837890625,-0.6829833984375,-0.0008544921875
1417422149679,0.98974609375,0.0166015625,0.06640625,0,-0.0625,0,0.7303466796875,0.00933837890625,-0.6829833984375,-0.0008544921875
1417422149701,0.98876953125,0.013671875,0.06591796875,0,-0.125,0,0.7303466796875,0.00933837890625,-0.6829833984375,-0.0008544921875
1417422149723,0.98876953125,0.01318359375,0.068359375,-0.0625,-0.0625,-0.0625,0.7303466796875,0.00933837890625,-0.6829833984375,-0.0008544921875
1417422149738,0.98876953125,0.01513671875,0.06787109375,0,-0.0625,0,0.7303466796875,0.00933837890625,-0.6829833984375,-0.0008544921875
1417422149762,0.98828125,0.01513671875,0.06787109375,0,0,0,0.7303466796875,0.00933837890625,-0.6829833984375,-0.0008544921875
1417422149784,0.98779296875,0.0146484375,0.0654296875,-0.0625,0,0,0.7303466796875,0.00933837890625,-0.6829833984375,-0.0008544921875
1417422149799,0.9892578125,0.0126953125,0.06787109375,-0.0625,-0.0625,-0.0625,0.7303466796875,0.00933837890625,-0.6829833984375,-0.0008544921875
1417422149821,0.98681640625,0.01513671875,0.06591796875,0,0,0,0.7303466796875,0.00933837890625,-0.6829833984375,-0.0008544921875
1417422149844,0.98681640625,0.01318359375,0.06591796875,0,-0.0625,0,0.7303466796875,0.00933837890625,-0.6829833984375,-0.0008544921875
1417422149859,0.98828125,0.01318359375,0.06640625,0,-0.0625,0,0.7303466796875,0.00933837890625,-0.6829833984375,-0.0008544921875
1417422149881,0.9892578125,0.0166015625,0.06689453125,0,-0.0625,0,0.7303466796875,0.00933837890625,-0.6829833984375,-0.0008544921875
1417422149904,0.98779296875,0.0146484375,0.06884765625,0,-0.0625,-0.0625,0.73040771484375,0.00933837890625,-0.6829833984375,-0.0008544921875
1417422149919,0.98779296875,0.015625,0.06494140625,0,-0.0625,-0.0625,0.73040771484375,0.00933837890625,-0.6829833984375,-0.0008544921875
1417422149941,0.98779296875,0.0146484375,0.0673828125,0,-0.0625,0,0.73040771484375,0.00933837890625,-0.6829833984375,-0.0008544921875
1417422149964,0.99072265625,0.01318359375,0.0673828125,0,-0.0625,0,0.73040771484375,0.00933837890625,-0.6829833984375,-0.0008544921875
1417422149979,0.98876953125,0.01416015625,0.06640625,-0.0625,0,0,0.73040771484375,0.00933837890625,-0.6829833984375,-0.0008544921875
1417422150002,0.98828125,0.0166015625,0.064453125,-0.0625,-0.0625,-0.0625,0.73040771484375,0.00933837890625,-0.6829833984375,-0.0008544921875
1417422150024,0.98779296875,0.0166015625,0.06689453125,0,0,0,0.73040771484375,0.00933837890625,-0.6829833984375,-0.0008544921875
1417422150038,0.9892578125,0.013671875,0.06982421875,0,0,0.0625,0.73040771484375,0.00933837890625,-0.6829833984375,-0.0008544921875
1417422150061,0.986328125,0.015625,0.068359375,0,-0.0625,0,0.73040771484375,0.00933837890625,-0.6829833984375,-0.0008544921875
1417422150084,0.98876953125,0.0146484375,0.068359375,0,-0.0625,0,0.73040771484375,0.00933837890625,-0.6829833984375,-0.0008544921875
1417422150099,0.98779296875,0.01416015625,0.06494140625,0,-0.0625,0,0.73040771484375,0.00933837890625,-0.6829833984375,-0.0008544921875
1417422150122,0.98779296875,0.01708984375,0.06591796875,-0.0625,-0.0625,-0.125,0.73040771484375,0.00933837890625,-0.6829833984375,-0.0008544921875
1417422150144,0.98779296875,0.01611328125,0.06640625,0,0,0,0.73040771484375,0.00933837890625,-0.6829833984375,-0.0008544921875
1417422150159,0.99072265625,0.015625,0.0673828125,0.0625,0,0.0625,0.73040771484375,0.00933837890625,-0.6829833984375,-0.00091552734375
1417422150181,0.98583984375,0.01611328125,0.06640625,-0.0625,0,0,0.73040771484375,0.00933837890625,-0.6829833984375,-0.00091552734375
1417422150204,0.98828125,0.01318359375,0.06298828125,-0.0625,-0.0625,0,0.73040771484375,0.00933837890625,-0.6829833984375,-0.0008544921875
1417422150219,0.9873046875,0.01171875,0.06689453125,0,-0.0625,0,0.73040771484375,0.00933837890625,-0.6829833984375,-0.0008544921875
1417422150241,0.98779296875,0.0146484375,0.06689453125,-0.0625,-0.0625,-0.0625,0.73040771484375,0.00933837890625,-0.6829833984375,-0.0008544921875
1417422150264,0.98779296875,0.01708984375,0.0693359375,0,-0.0625,-0.0625,0.73040771484375,0.00933837890625,-0.6829833984375,-0.0008544921875
1417422150279,0.98779296875,0.013671875,0.0673828125,-0.0625,0,0,0.73040771484375,0.00933837890625,-0.6829833984375,-0.0008544921875
1417422150301,0.98779296875,0.015625,0.06689453125,-0.0625,0,-0.0625,0.73040771484375,0.00933837890625,-0.6829833984375,-0.0008544921875
1417422150324,0.98779296875,0.01416015625,0.06689453125,-0.0625,0,0.0625,0.73040771484375,0.00933837890625,-0.6829833984375,-0.0008544921875
1417422150339,0.98779296875,0.0126953125,0.06787109375,0,0,0.0625,0.73040771484375,0.00933837890625,-0.68292236328125,-0.0008544921875
1417422150361,0.98681640625,0.01318359375,0.06689453125,-0.0625,-0.0625,-0.0625,0.73040771484375,0.00933837890625,-0.68292236328125,-0.0008544921875
1417422150384,0.98974609375,0.01416015625,0.068359375,-0.0625,-0.0625,-0.0625,0.73040771484375,0.00933837890625,-0.68292236328125,-0.0008544921875
1417422150399,0.98681640625,0.01416015625,0.06640625,0,-0.125,0,0.73040771484375,0.00933837890625,-0.68292236328125,-0.0008544921875
1417422150421,0.98779296875,0.01513671875,0.064453125,0,-0.0625,0,0.73040771484375,0.00933837890625,-0.68292236328125,-0.0008544921875
1417422150444,0.98681640625,0.013671875,0.0673828125,0,-0.0625,-0.0625,0.73040771484375,0.00933837890625,-0.68292236328125,-0.0008544921875
1417422150458,0.98828125,0.01416015625,0.06787109375,-0.0625,0,0,0.73040771484375,0.00933837890625,-0.68292236328125,-0.0008544921875
1417422150482,0.99072265625,0.01416015625,0.06787109375,-0.0625,-0.0625,0,0.73040771484375,0.00933837890625,-0.68292236328125,-0.0008544921875
1417422150504,0.98779296875,0.01416015625,0.0673828125,0,-0.0625,0,0.73040771484375,0.00933837890625,-0.68292236328125,-0.0008544921875
1417422150519,0.98779296875,0.013671875,0.06591796875,0.0625,-0.0625,0.0625,0.73040771484375,0.00933837890625,-0.68292236328125,-0.0008544921875
1417422150541,0.98779296875,0.013671875,0.0654296875,0,-0.0625,0,0.73040771484375,0.00933837890625,-0.68292236328125,-0.0008544921875
1417422150564,0.98828125,0.013671875,0.0673828125,-0.0625,-0.0625,0,0.73040771484375,0.00933837890625,-0.68292236328125,-0.0008544921875
1417422150586,0.9892578125,0.0126953125,0.06689453125,-0.0625,0,0,0.73040771484375,0.00933837890625,-0.68292236328125,-0.0008544921875
1417422150601,0.98974609375,0.01513671875,0.06640625,0,-0.0625,-0.0625,0.73040771484375,0.00933837890625,-0.68292236328125,-0.0008544921875
1417422150624,0.98779296875,0.017578125,0.06787109375,-0.0625,-0.0625,0,0.73040771484375,0.00933837890625,-0.68292236328125,-0.0008544921875
1417422150647,0.98779296875,0.0146484375,0.0673828125,0,0,0.0625,0.73040771484375,0.00933837890625,-0.68292236328125,-0.0008544921875
1417422150661,0.98779296875,0.0146484375,0.06884765625,0,0,0,0.73040771484375,0.00933837890625,-0.68292236328125,-0.0008544921875
1417422150684,0.98828125,0.01416015625,0.0654296875,-0.0625,0,0,0.73040771484375,0.00933837890625,-0.68292236328125,-0.0008544921875
1417422150707,0.9873046875,0.013671875,0.0625,0,0,0,0.73040771484375,0.00933837890625,-0.68292236328125,-0.0008544921875
1417422150722,0.9873046875,0.01513671875,0.06689453125,0,-0.0625,-0.0625,0.73040771484375,0.00933837890625,-0.68292236328125,-0.0008544921875
1417422150743,0.98876953125,0.015625,0.06787109375,0,-0.0625,0,0.73040771484375,0.00933837890625,-0.68292236328125,-0.0008544921875
1417422150766,0.98974609375,0.013671875,0.06298828125,0,-0.0625,0,0.73040771484375,0.00933837890625,-0.68292236328125,-0.0008544921875
1417422150782,0.98876953125,0.013671875,0.0654296875,-0.0625,-0.0625,0,0.73040771484375,0.00933837890625,-0.68292236328125,-0.0008544921875
1417422150804,0.98828125,0.01513671875,0.06591796875,-0.0625,0,0,0.73040771484375,0.00933837890625,-0.68292236328125,-0.0008544921875
1417422150826,0.9892578125,0.0146484375,0.06689453125,-0.0625,0,0,0.73040771484375,0.00933837890625,-0.68292236328125,-0.0008544921875
1417422150841,0.98779296875,0.0146484375,0.06884765625,-0.0625,0,0,0.73040771484375,0.00933837890625,-0.68292236328125,-0.0008544921875
1417422150864,0.98779296875,0.0146484375,0.06884765625,0,0,0,0.73040771484375,0.00933837890625,-0.68292236328125,-0.0008544921875
1417422150886,0.98876953125,0.0126953125,0.0673828125,0,-0.0625,0,0.73040771484375,0.00933837890625,-0.68292236328125,-0.0008544921875
1417422150901,0.98779296875,0.01416015625,0.0654296875,0,-0.0625,-0.0625,0.73040771484375,0.00933837890625,-0.68292236328125,-0.0008544921875
1417422150923,0.98779296875,0.015625,0.06640625,0,-0.0625,-0.0625,0.73040771484375,0.00933837890625,-0.68292236328125,-0.0008544921875
1417422150946,0.98681640625,0.01123046875,0.06689453125,-0.0625,-0.125,0,0.73040771484375,0.00927734375,-0.68292236328125,-0.0008544921875
1417422150961,0.98974609375,0.01513671875,0.06787109375,0,-0.0625,0,0.73040771484375,0.00927734375,-0.68292236328125,-0.0008544921875
1417422150984,0.9873046875,0.01416015625,0.06640625,0,-0.0625,0,0.73040771484375,0.00927734375,-0.68292236328125,-0.0008544921875
1417422151006,0.99072265625,0.01318359375,0.06396484375,0,-0.0625,0,0.73040771484375,0.00927734375,-0.68292236328125,-0.0008544921875
1417422151021,0.98779296875,0.01513671875,0.06640625,0,-0.0625,0,0.73040771484375,0.00927734375,-0.68292236328125,-0.0008544921875
1417422151044,0.9873046875,0.01318359375,0.068359375,0,-0.0625,-0.0625,0.73040771484375,0.00927734375,-0.68292236328125,-0.0008544921875
1417422151067,0.98681640625,0.0126953125,0.068359375,0,-0.0625,-0.0625,0.73040771484375,0.00927734375,-0.68292236328125,-0.0008544921875
1417422151082,0.98876953125,0.0166015625,0.06591796875,0,-0.0625,0,0.73040771484375,0.00927734375,-0.68292236328125,-0.0008544921875
1417422151104,0.98876953125,0.015625,0.06787109375,0,-0.125,0,0.73040771484375,0.00927734375,-0.68292236328125,-0.0008544921875
1417422151126,0.9892578125,0.0166015625,0.06494140625,-0.0625,-0.0625,0,0.73040771484375,0.00927734375,-0.68292236328125,-0.0008544921875
1417422151141,0.990234375,0.01611328125,0.068359375,0,-0.0625,0,0.73040771484375,0.00933837890625,-0.68292236328125,-0.0008544921875
1417422151164,0.98828125,0.01513671875,0.0693359375,-0.0625,0,0,0.73040771484375,0.00933837890625,-0.68292236328125,-0.0008544921875
1417422151187,0.9873046875,0.01318359375,0.06591796875,0,-0.0625,0,0.73040771484375,0.00933837890625,-0.68292236328125,-0.0008544921875
1417422151202,0.9873046875,0.013671875,0.06689453125,0,-0.0625,0,0.73040771484375,0.00927734375,-0.68292236328125,-0.0008544921875
1417422151224,0.9892578125,0.0126953125,0.06640625,0,-0.0625,-0.0625,0.73040771484375,0.00927734375,-0.68292236328125,-0.0008544921875
1417422151247,0.98779296875,0.01416015625,0.06494140625,0,-0.0625,-0.0625,0.73040771484375,0.00927734375,-0.68292236328125,-0.0008544921875
1417422151262,0.98779296875,0.013671875,0.06884765625,0,-0.0625,-0.0625,0.73040771484375,0.00927734375,-0.68292236328125,-0.0008544921875
1417422151284,0.98681640625,0.01416015625,0.06640625,-0.0625,-0.0625,-0.0625,0.73040771484375,0.00927734375,-0.68292236328125,-0.0008544921875
1417422151307,0.9873046875,0.013671875,0.06298828125,0,0,0,0.73040771484375,0.00927734375,-0.68292236328125,-0.0008544921875
1417422151322,0.98779296875,0.01611328125,0.06591796875,-0.0625,0,0,0.73040771484375,0.00927734375,-0.68292236328125,-0.0008544921875
1417422151343,0.98779296875,0.01416015625,0.06591796875,0,0,0.0625,0.73040771484375,0.00927734375,-0.68292236328125,-0.0008544921875
1417422151366,0.98779296875,0.01513671875,0.06640625,0,-0.0625,0.0625,0.73040771484375,0.00927734375,-0.68292236328125,-0.0008544921875
1417422151382,0.98828125,0.0146484375,0.0673828125,0,-0.125,0,0.73040771484375,0.00927734375,-0.68292236328125,-0.0008544921875
1417422151403,0.990234375,0.01318359375,0.06884765625,-0.0625,-0.0625,-0.125,0.73040771484375,0.00927734375,-0.68292236328125,-0.0008544921875
